alpha,alphafinal,epsilon,epsilonfinal,gamma,lambda,agt#,winrate
0.1,0.0,0.0,0.0,1.0,0.0,0,0.08
0.1,0.0,0.0,0.0,1.0,0.0,1,0.22
0.1,0.0,0.0,0.0,1.0,0.0,2,0.0199999999999999
0.1,0.0,0.0,0.0,1.0,0.0,3,0.0699999999999999
0.1,0.0,0.0,0.0,1.0,0.0,4,0.2200000000000001
0.1,0.0,0.0,0.0,1.0,0.0,5,0.0499999999999999
0.1,0.0,0.0,0.0,1.0,0.0,6,0.04
0.1,0.0,0.0,0.0,1.0,0.0,7,0.12
0.1,0.0,0.0,0.0,1.0,0.0,8,0.01
0.1,0.0,0.0,0.0,1.0,0.0,9,0.1600000000000001
0.1,0.1,0.0,0.0,1.0,0.0,0,0.6500000000000004
0.1,0.1,0.0,0.0,1.0,0.0,1,0.7400000000000004
0.1,0.1,0.0,0.0,1.0,0.0,2,0.8000000000000005
0.1,0.1,0.0,0.0,1.0,0.0,3,0.6900000000000004
0.1,0.1,0.0,0.0,1.0,0.0,4,0.7600000000000005
0.1,0.1,0.0,0.0,1.0,0.0,5,0.6000000000000003
0.1,0.1,0.0,0.0,1.0,0.0,6,0.6900000000000004
0.1,0.1,0.0,0.0,1.0,0.0,7,0.6600000000000004
0.1,0.1,0.0,0.0,1.0,0.0,8,0.5800000000000003
0.1,0.1,0.0,0.0,1.0,0.0,9,0.7600000000000005
0.1,0.2,0.0,0.0,1.0,0.0,0,0.7200000000000004
0.1,0.2,0.0,0.0,1.0,0.0,1,0.7200000000000004
0.1,0.2,0.0,0.0,1.0,0.0,2,0.7400000000000004
0.1,0.2,0.0,0.0,1.0,0.0,3,0.7300000000000004
0.1,0.2,0.0,0.0,1.0,0.0,4,0.7400000000000004
0.1,0.2,0.0,0.0,1.0,0.0,5,0.7100000000000004
0.1,0.2,0.0,0.0,1.0,0.0,6,0.7200000000000004
0.1,0.2,0.0,0.0,1.0,0.0,7,0.7600000000000005
0.1,0.2,0.0,0.0,1.0,0.0,8,0.7300000000000004
0.1,0.2,0.0,0.0,1.0,0.0,9,0.7100000000000004
0.1,0.3,0.0,0.0,1.0,0.0,0,0.8000000000000005
0.1,0.3,0.0,0.0,1.0,0.0,1,0.7500000000000004
0.1,0.3,0.0,0.0,1.0,0.0,2,0.7000000000000004
0.1,0.3,0.0,0.0,1.0,0.0,3,0.6800000000000004
0.1,0.3,0.0,0.0,1.0,0.0,4,0.6600000000000004
0.1,0.3,0.0,0.0,1.0,0.0,5,0.5700000000000003
0.1,0.3,0.0,0.0,1.0,0.0,6,0.6800000000000004
0.1,0.3,0.0,0.0,1.0,0.0,7,0.6000000000000003
0.1,0.3,0.0,0.0,1.0,0.0,8,0.8200000000000005
0.1,0.3,0.0,0.0,1.0,0.0,9,0.6100000000000003
0.1,0.4,0.0,0.0,1.0,0.0,0,0.6800000000000004
0.1,0.4,0.0,0.0,1.0,0.0,1,0.7400000000000004
0.1,0.4,0.0,0.0,1.0,0.0,2,0.6100000000000003
0.1,0.4,0.0,0.0,1.0,0.0,3,0.6800000000000004
0.1,0.4,0.0,0.0,1.0,0.0,4,0.6900000000000004
0.1,0.4,0.0,0.0,1.0,0.0,5,0.7200000000000004
0.1,0.4,0.0,0.0,1.0,0.0,6,0.6900000000000004
0.1,0.4,0.0,0.0,1.0,0.0,7,0.5900000000000003
0.1,0.4,0.0,0.0,1.0,0.0,8,0.6400000000000003
0.1,0.4,0.0,0.0,1.0,0.0,9,0.5900000000000003
0.1,0.5,0.0,0.0,1.0,0.0,0,0.7000000000000004
0.1,0.5,0.0,0.0,1.0,0.0,1,0.6500000000000004
0.1,0.5,0.0,0.0,1.0,0.0,2,0.6000000000000003
0.1,0.5,0.0,0.0,1.0,0.0,3,0.7000000000000004
0.1,0.5,0.0,0.0,1.0,0.0,4,0.6900000000000004
0.1,0.5,0.0,0.0,1.0,0.0,5,0.6200000000000003
0.1,0.5,0.0,0.0,1.0,0.0,6,0.7200000000000004
0.1,0.5,0.0,0.0,1.0,0.0,7,0.5400000000000003
0.1,0.5,0.0,0.0,1.0,0.0,8,0.6900000000000004
0.1,0.5,0.0,0.0,1.0,0.0,9,0.5600000000000003
0.1,0.6,0.0,0.0,1.0,0.0,0,0.6700000000000004
0.1,0.6,0.0,0.0,1.0,0.0,1,0.6800000000000004
0.1,0.6,0.0,0.0,1.0,0.0,2,0.7300000000000004
0.1,0.6,0.0,0.0,1.0,0.0,3,0.6700000000000004
0.1,0.6,0.0,0.0,1.0,0.0,4,0.7000000000000004
0.1,0.6,0.0,0.0,1.0,0.0,5,0.6100000000000003
0.1,0.6,0.0,0.0,1.0,0.0,6,0.6300000000000003
0.1,0.6,0.0,0.0,1.0,0.0,7,0.7200000000000004
0.1,0.6,0.0,0.0,1.0,0.0,8,0.5800000000000003
0.1,0.6,0.0,0.0,1.0,0.0,9,0.6100000000000003
0.1,0.7,0.0,0.0,1.0,0.0,0,0.7000000000000004
0.1,0.7,0.0,0.0,1.0,0.0,1,0.7100000000000004
0.1,0.7,0.0,0.0,1.0,0.0,2,0.5800000000000003
0.1,0.7,0.0,0.0,1.0,0.0,3,0.6000000000000003
0.1,0.7,0.0,0.0,1.0,0.0,4,0.7500000000000004
0.1,0.7,0.0,0.0,1.0,0.0,5,0.6700000000000004
0.1,0.7,0.0,0.0,1.0,0.0,6,0.5700000000000003
0.1,0.7,0.0,0.0,1.0,0.0,7,0.5900000000000003
0.1,0.7,0.0,0.0,1.0,0.0,8,0.6000000000000003
0.1,0.7,0.0,0.0,1.0,0.0,9,0.7300000000000004
0.1,0.8,0.0,0.0,1.0,0.0,0,0.5400000000000003
0.1,0.8,0.0,0.0,1.0,0.0,1,0.6600000000000004
0.1,0.8,0.0,0.0,1.0,0.0,2,0.5800000000000003
0.1,0.8,0.0,0.0,1.0,0.0,3,0.5600000000000003
0.1,0.8,0.0,0.0,1.0,0.0,4,0.5900000000000003
0.1,0.8,0.0,0.0,1.0,0.0,5,0.6300000000000003
0.1,0.8,0.0,0.0,1.0,0.0,6,0.6000000000000003
0.1,0.8,0.0,0.0,1.0,0.0,7,0.6800000000000004
0.1,0.8,0.0,0.0,1.0,0.0,8,0.6100000000000003
0.1,0.8,0.0,0.0,1.0,0.0,9,0.6500000000000004
0.1,0.9,0.0,0.0,1.0,0.0,0,0.4900000000000002
0.1,0.9,0.0,0.0,1.0,0.0,1,0.6600000000000004
0.1,0.9,0.0,0.0,1.0,0.0,2,0.5400000000000003
0.1,0.9,0.0,0.0,1.0,0.0,3,0.6800000000000004
0.1,0.9,0.0,0.0,1.0,0.0,4,0.6000000000000003
0.1,0.9,0.0,0.0,1.0,0.0,5,0.5600000000000003
0.1,0.9,0.0,0.0,1.0,0.0,6,0.6800000000000004
0.1,0.9,0.0,0.0,1.0,0.0,7,0.6700000000000004
0.1,0.9,0.0,0.0,1.0,0.0,8,0.5300000000000002
0.1,0.9,0.0,0.0,1.0,0.0,9,0.6200000000000003
0.1,1.0,0.0,0.0,1.0,0.0,0,0.5700000000000003
0.1,1.0,0.0,0.0,1.0,0.0,1,0.7200000000000004
0.1,1.0,0.0,0.0,1.0,0.0,2,0.6400000000000003
0.1,1.0,0.0,0.0,1.0,0.0,3,0.5800000000000003
0.1,1.0,0.0,0.0,1.0,0.0,4,0.6300000000000003
0.1,1.0,0.0,0.0,1.0,0.0,5,0.4200000000000001
0.1,1.0,0.0,0.0,1.0,0.0,6,0.6100000000000003
0.1,1.0,0.0,0.0,1.0,0.0,7,0.6100000000000003
0.1,1.0,0.0,0.0,1.0,0.0,8,0.6200000000000003
0.1,1.0,0.0,0.0,1.0,0.0,9,0.5300000000000002
0.2,0.0,0.0,0.0,1.0,0.0,0,0.1700000000000001
0.2,0.0,0.0,0.0,1.0,0.0,1,0.17
0.2,0.0,0.0,0.0,1.0,0.0,2,0.0499999999999999
0.2,0.0,0.0,0.0,1.0,0.0,3,0.1
0.2,0.0,0.0,0.0,1.0,0.0,4,0.21
0.2,0.0,0.0,0.0,1.0,0.0,5,0.21
0.2,0.0,0.0,0.0,1.0,0.0,6,0.18
0.2,0.0,0.0,0.0,1.0,0.0,7,0.1800000000000001
0.2,0.0,0.0,0.0,1.0,0.0,8,0.18
0.2,0.0,0.0,0.0,1.0,0.0,9,0.22
0.2,0.1,0.0,0.0,1.0,0.0,0,0.6800000000000004
0.2,0.1,0.0,0.0,1.0,0.0,1,0.6600000000000004
0.2,0.1,0.0,0.0,1.0,0.0,2,0.7800000000000005
0.2,0.1,0.0,0.0,1.0,0.0,3,0.7900000000000005
0.2,0.1,0.0,0.0,1.0,0.0,4,0.6300000000000003
0.2,0.1,0.0,0.0,1.0,0.0,5,0.6300000000000003
0.2,0.1,0.0,0.0,1.0,0.0,6,0.6800000000000004
0.2,0.1,0.0,0.0,1.0,0.0,7,0.7700000000000005
0.2,0.1,0.0,0.0,1.0,0.0,8,0.7200000000000004
0.2,0.1,0.0,0.0,1.0,0.0,9,0.6600000000000004
0.2,0.2,0.0,0.0,1.0,0.0,0,0.6600000000000004
0.2,0.2,0.0,0.0,1.0,0.0,1,0.7800000000000005
0.2,0.2,0.0,0.0,1.0,0.0,2,0.6100000000000003
0.2,0.2,0.0,0.0,1.0,0.0,3,0.6400000000000003
0.2,0.2,0.0,0.0,1.0,0.0,4,0.7300000000000004
0.2,0.2,0.0,0.0,1.0,0.0,5,0.7800000000000005
0.2,0.2,0.0,0.0,1.0,0.0,6,0.7600000000000005
0.2,0.2,0.0,0.0,1.0,0.0,7,0.6600000000000004
0.2,0.2,0.0,0.0,1.0,0.0,8,0.6100000000000003
0.2,0.2,0.0,0.0,1.0,0.0,9,0.7700000000000005
0.2,0.3,0.0,0.0,1.0,0.0,0,0.7100000000000004
0.2,0.3,0.0,0.0,1.0,0.0,1,0.7200000000000004
0.2,0.3,0.0,0.0,1.0,0.0,2,0.6900000000000004
0.2,0.3,0.0,0.0,1.0,0.0,3,0.5500000000000003
0.2,0.3,0.0,0.0,1.0,0.0,4,0.7500000000000004
0.2,0.3,0.0,0.0,1.0,0.0,5,0.8300000000000005
0.2,0.3,0.0,0.0,1.0,0.0,6,0.7400000000000004
0.2,0.3,0.0,0.0,1.0,0.0,7,0.7600000000000005
0.2,0.3,0.0,0.0,1.0,0.0,8,0.6800000000000004
0.2,0.3,0.0,0.0,1.0,0.0,9,0.7500000000000004
0.2,0.4,0.0,0.0,1.0,0.0,0,0.6500000000000004
0.2,0.4,0.0,0.0,1.0,0.0,1,0.7000000000000004
0.2,0.4,0.0,0.0,1.0,0.0,2,0.8100000000000005
0.2,0.4,0.0,0.0,1.0,0.0,3,0.7700000000000005
0.2,0.4,0.0,0.0,1.0,0.0,4,0.7000000000000004
0.2,0.4,0.0,0.0,1.0,0.0,5,0.6300000000000003
0.2,0.4,0.0,0.0,1.0,0.0,6,0.5900000000000003
0.2,0.4,0.0,0.0,1.0,0.0,7,0.6900000000000004
0.2,0.4,0.0,0.0,1.0,0.0,8,0.6900000000000004
0.2,0.4,0.0,0.0,1.0,0.0,9,0.7100000000000004
0.2,0.5,0.0,0.0,1.0,0.0,0,0.7000000000000004
0.2,0.5,0.0,0.0,1.0,0.0,1,0.6400000000000003
0.2,0.5,0.0,0.0,1.0,0.0,2,0.7000000000000004
0.2,0.5,0.0,0.0,1.0,0.0,3,0.5500000000000003
0.2,0.5,0.0,0.0,1.0,0.0,4,0.6900000000000004
0.2,0.5,0.0,0.0,1.0,0.0,5,0.7200000000000004
0.2,0.5,0.0,0.0,1.0,0.0,6,0.6500000000000004
0.2,0.5,0.0,0.0,1.0,0.0,7,0.6300000000000003
0.2,0.5,0.0,0.0,1.0,0.0,8,0.6600000000000004
0.2,0.5,0.0,0.0,1.0,0.0,9,0.7300000000000004
0.2,0.6,0.0,0.0,1.0,0.0,0,0.5900000000000003
0.2,0.6,0.0,0.0,1.0,0.0,1,0.6800000000000004
0.2,0.6,0.0,0.0,1.0,0.0,2,0.6600000000000004
0.2,0.6,0.0,0.0,1.0,0.0,3,0.6100000000000003
0.2,0.6,0.0,0.0,1.0,0.0,4,0.6800000000000004
0.2,0.6,0.0,0.0,1.0,0.0,5,0.6300000000000003
0.2,0.6,0.0,0.0,1.0,0.0,6,0.6600000000000004
0.2,0.6,0.0,0.0,1.0,0.0,7,0.6300000000000003
0.2,0.6,0.0,0.0,1.0,0.0,8,0.6100000000000003
0.2,0.6,0.0,0.0,1.0,0.0,9,0.6000000000000003
0.2,0.7,0.0,0.0,1.0,0.0,0,0.5700000000000003
0.2,0.7,0.0,0.0,1.0,0.0,1,0.7200000000000004
0.2,0.7,0.0,0.0,1.0,0.0,2,0.6300000000000003
0.2,0.7,0.0,0.0,1.0,0.0,3,0.6000000000000003
0.2,0.7,0.0,0.0,1.0,0.0,4,0.6400000000000003
0.2,0.7,0.0,0.0,1.0,0.0,5,0.5400000000000003
0.2,0.7,0.0,0.0,1.0,0.0,6,0.6300000000000003
0.2,0.7,0.0,0.0,1.0,0.0,7,0.6500000000000004
0.2,0.7,0.0,0.0,1.0,0.0,8,0.6500000000000004
0.2,0.7,0.0,0.0,1.0,0.0,9,0.5300000000000002
0.2,0.8,0.0,0.0,1.0,0.0,0,0.6600000000000004
0.2,0.8,0.0,0.0,1.0,0.0,1,0.6100000000000003
0.2,0.8,0.0,0.0,1.0,0.0,2,0.5800000000000003
0.2,0.8,0.0,0.0,1.0,0.0,3,0.6100000000000003
0.2,0.8,0.0,0.0,1.0,0.0,4,0.6900000000000004
0.2,0.8,0.0,0.0,1.0,0.0,5,0.6400000000000003
0.2,0.8,0.0,0.0,1.0,0.0,6,0.7000000000000004
0.2,0.8,0.0,0.0,1.0,0.0,7,0.5600000000000003
0.2,0.8,0.0,0.0,1.0,0.0,8,0.5600000000000003
0.2,0.8,0.0,0.0,1.0,0.0,9,0.6200000000000003
0.2,0.9,0.0,0.0,1.0,0.0,0,0.6200000000000003
0.2,0.9,0.0,0.0,1.0,0.0,1,0.5300000000000002
0.2,0.9,0.0,0.0,1.0,0.0,2,0.7300000000000004
0.2,0.9,0.0,0.0,1.0,0.0,3,0.5400000000000003
0.2,0.9,0.0,0.0,1.0,0.0,4,0.5400000000000003
0.2,0.9,0.0,0.0,1.0,0.0,5,0.6600000000000004
0.2,0.9,0.0,0.0,1.0,0.0,6,0.5100000000000002
0.2,0.9,0.0,0.0,1.0,0.0,7,0.6200000000000003
0.2,0.9,0.0,0.0,1.0,0.0,8,0.6200000000000003
0.2,0.9,0.0,0.0,1.0,0.0,9,0.5700000000000003
0.2,1.0,0.0,0.0,1.0,0.0,0,0.5000000000000002
0.2,1.0,0.0,0.0,1.0,0.0,1,0.5600000000000003
0.2,1.0,0.0,0.0,1.0,0.0,2,0.5600000000000003
0.2,1.0,0.0,0.0,1.0,0.0,3,0.5700000000000003
0.2,1.0,0.0,0.0,1.0,0.0,4,0.7500000000000004
0.2,1.0,0.0,0.0,1.0,0.0,5,0.4900000000000002
0.2,1.0,0.0,0.0,1.0,0.0,6,0.4600000000000002
0.2,1.0,0.0,0.0,1.0,0.0,7,0.5500000000000003
0.2,1.0,0.0,0.0,1.0,0.0,8,0.6300000000000003
0.2,1.0,0.0,0.0,1.0,0.0,9,0.5800000000000003
0.3,0.0,0.0,0.0,1.0,0.0,0,0.15
0.3,0.0,0.0,0.0,1.0,0.0,1,0.19
0.3,0.0,0.0,0.0,1.0,0.0,2,0.12
0.3,0.0,0.0,0.0,1.0,0.0,3,0.2
0.3,0.0,0.0,0.0,1.0,0.0,4,0.24
0.3,0.0,0.0,0.0,1.0,0.0,5,0.13
0.3,0.0,0.0,0.0,1.0,0.0,6,0.13
0.3,0.0,0.0,0.0,1.0,0.0,7,0.08
0.3,0.0,0.0,0.0,1.0,0.0,8,0.19
0.3,0.0,0.0,0.0,1.0,0.0,9,0.17
0.3,0.1,0.0,0.0,1.0,0.0,0,0.6600000000000004
0.3,0.1,0.0,0.0,1.0,0.0,1,0.7800000000000005
0.3,0.1,0.0,0.0,1.0,0.0,2,0.7100000000000004
0.3,0.1,0.0,0.0,1.0,0.0,3,0.7300000000000004
0.3,0.1,0.0,0.0,1.0,0.0,4,0.7100000000000004
0.3,0.1,0.0,0.0,1.0,0.0,5,0.7400000000000004
0.3,0.1,0.0,0.0,1.0,0.0,6,0.8100000000000005
0.3,0.1,0.0,0.0,1.0,0.0,7,0.8100000000000005
0.3,0.1,0.0,0.0,1.0,0.0,8,0.7500000000000004
0.3,0.1,0.0,0.0,1.0,0.0,9,0.7000000000000004
0.3,0.2,0.0,0.0,1.0,0.0,0,0.7600000000000005
0.3,0.2,0.0,0.0,1.0,0.0,1,0.7700000000000005
0.3,0.2,0.0,0.0,1.0,0.0,2,0.7300000000000004
0.3,0.2,0.0,0.0,1.0,0.0,3,0.6200000000000003
0.3,0.2,0.0,0.0,1.0,0.0,4,0.7800000000000005
0.3,0.2,0.0,0.0,1.0,0.0,5,0.8000000000000005
0.3,0.2,0.0,0.0,1.0,0.0,6,0.7100000000000004
0.3,0.2,0.0,0.0,1.0,0.0,7,0.7200000000000004
0.3,0.2,0.0,0.0,1.0,0.0,8,0.6300000000000003
0.3,0.2,0.0,0.0,1.0,0.0,9,0.7000000000000004
0.3,0.3,0.0,0.0,1.0,0.0,0,0.7800000000000005
0.3,0.3,0.0,0.0,1.0,0.0,1,0.6300000000000003
0.3,0.3,0.0,0.0,1.0,0.0,2,0.7300000000000004
0.3,0.3,0.0,0.0,1.0,0.0,3,0.6600000000000004
0.3,0.3,0.0,0.0,1.0,0.0,4,0.7300000000000004
0.3,0.3,0.0,0.0,1.0,0.0,5,0.6500000000000004
0.3,0.3,0.0,0.0,1.0,0.0,6,0.7400000000000004
0.3,0.3,0.0,0.0,1.0,0.0,7,0.7200000000000004
0.3,0.3,0.0,0.0,1.0,0.0,8,0.7400000000000004
0.3,0.3,0.0,0.0,1.0,0.0,9,0.7200000000000004
0.3,0.4,0.0,0.0,1.0,0.0,0,0.6200000000000003
0.3,0.4,0.0,0.0,1.0,0.0,1,0.6700000000000004
0.3,0.4,0.0,0.0,1.0,0.0,2,0.7000000000000004
0.3,0.4,0.0,0.0,1.0,0.0,3,0.7400000000000004
0.3,0.4,0.0,0.0,1.0,0.0,4,0.7300000000000004
0.3,0.4,0.0,0.0,1.0,0.0,5,0.6200000000000003
0.3,0.4,0.0,0.0,1.0,0.0,6,0.6300000000000003
0.3,0.4,0.0,0.0,1.0,0.0,7,0.7300000000000004
0.3,0.4,0.0,0.0,1.0,0.0,8,0.6200000000000003
0.3,0.4,0.0,0.0,1.0,0.0,9,0.7000000000000004
0.3,0.5,0.0,0.0,1.0,0.0,0,0.6300000000000003
0.3,0.5,0.0,0.0,1.0,0.0,1,0.6900000000000004
0.3,0.5,0.0,0.0,1.0,0.0,2,0.6800000000000004
0.3,0.5,0.0,0.0,1.0,0.0,3,0.6700000000000004
0.3,0.5,0.0,0.0,1.0,0.0,4,0.6000000000000003
0.3,0.5,0.0,0.0,1.0,0.0,5,0.6900000000000004
0.3,0.5,0.0,0.0,1.0,0.0,6,0.6600000000000004
0.3,0.5,0.0,0.0,1.0,0.0,7,0.6700000000000004
0.3,0.5,0.0,0.0,1.0,0.0,8,0.6100000000000003
0.3,0.5,0.0,0.0,1.0,0.0,9,0.6900000000000004
0.3,0.6,0.0,0.0,1.0,0.0,0,0.5500000000000003
0.3,0.6,0.0,0.0,1.0,0.0,1,0.6900000000000004
0.3,0.6,0.0,0.0,1.0,0.0,2,0.5400000000000003
0.3,0.6,0.0,0.0,1.0,0.0,3,0.7300000000000004
0.3,0.6,0.0,0.0,1.0,0.0,4,0.6300000000000003
0.3,0.6,0.0,0.0,1.0,0.0,5,0.7300000000000004
0.3,0.6,0.0,0.0,1.0,0.0,6,0.6700000000000004
0.3,0.6,0.0,0.0,1.0,0.0,7,0.6300000000000003
0.3,0.6,0.0,0.0,1.0,0.0,8,0.5900000000000003
0.3,0.6,0.0,0.0,1.0,0.0,9,0.6800000000000004
0.3,0.7,0.0,0.0,1.0,0.0,0,0.5900000000000003
0.3,0.7,0.0,0.0,1.0,0.0,1,0.6100000000000003
0.3,0.7,0.0,0.0,1.0,0.0,2,0.6800000000000004
0.3,0.7,0.0,0.0,1.0,0.0,3,0.7200000000000004
0.3,0.7,0.0,0.0,1.0,0.0,4,0.5800000000000003
0.3,0.7,0.0,0.0,1.0,0.0,5,0.5700000000000003
0.3,0.7,0.0,0.0,1.0,0.0,6,0.6000000000000003
0.3,0.7,0.0,0.0,1.0,0.0,7,0.7300000000000004
0.3,0.7,0.0,0.0,1.0,0.0,8,0.6200000000000003
0.3,0.7,0.0,0.0,1.0,0.0,9,0.6100000000000003
0.3,0.8,0.0,0.0,1.0,0.0,0,0.6400000000000003
0.3,0.8,0.0,0.0,1.0,0.0,1,0.6000000000000003
0.3,0.8,0.0,0.0,1.0,0.0,2,0.7500000000000004
0.3,0.8,0.0,0.0,1.0,0.0,3,0.5600000000000003
0.3,0.8,0.0,0.0,1.0,0.0,4,0.6400000000000003
0.3,0.8,0.0,0.0,1.0,0.0,5,0.6400000000000003
0.3,0.8,0.0,0.0,1.0,0.0,6,0.6100000000000003
0.3,0.8,0.0,0.0,1.0,0.0,7,0.6300000000000003
0.3,0.8,0.0,0.0,1.0,0.0,8,0.6000000000000003
0.3,0.8,0.0,0.0,1.0,0.0,9,0.6900000000000004
0.3,0.9,0.0,0.0,1.0,0.0,0,0.5400000000000003
0.3,0.9,0.0,0.0,1.0,0.0,1,0.6100000000000003
0.3,0.9,0.0,0.0,1.0,0.0,2,0.6100000000000003
0.3,0.9,0.0,0.0,1.0,0.0,3,0.5900000000000003
0.3,0.9,0.0,0.0,1.0,0.0,4,0.6400000000000003
0.3,0.9,0.0,0.0,1.0,0.0,5,0.6200000000000003
0.3,0.9,0.0,0.0,1.0,0.0,6,0.7000000000000004
0.3,0.9,0.0,0.0,1.0,0.0,7,0.6300000000000003
0.3,0.9,0.0,0.0,1.0,0.0,8,0.6000000000000003
0.3,0.9,0.0,0.0,1.0,0.0,9,0.4500000000000002
0.3,1.0,0.0,0.0,1.0,0.0,0,0.7100000000000004
0.3,1.0,0.0,0.0,1.0,0.0,1,0.4800000000000002
0.3,1.0,0.0,0.0,1.0,0.0,2,0.5800000000000003
0.3,1.0,0.0,0.0,1.0,0.0,3,0.5200000000000002
0.3,1.0,0.0,0.0,1.0,0.0,4,0.4700000000000002
0.3,1.0,0.0,0.0,1.0,0.0,5,0.6000000000000003
0.3,1.0,0.0,0.0,1.0,0.0,6,0.4900000000000002
0.3,1.0,0.0,0.0,1.0,0.0,7,0.5100000000000002
0.3,1.0,0.0,0.0,1.0,0.0,8,0.6000000000000003
0.3,1.0,0.0,0.0,1.0,0.0,9,0.5600000000000003
0.4,0.0,0.0,0.0,1.0,0.0,0,0.13
0.4,0.0,0.0,0.0,1.0,0.0,1,0.1399999999999999
0.4,0.0,0.0,0.0,1.0,0.0,2,0.13
0.4,0.0,0.0,0.0,1.0,0.0,3,0.17
0.4,0.0,0.0,0.0,1.0,0.0,4,0.03
0.4,0.0,0.0,0.0,1.0,0.0,5,0.12
0.4,0.0,0.0,0.0,1.0,0.0,6,0.15
0.4,0.0,0.0,0.0,1.0,0.0,7,0.08
0.4,0.0,0.0,0.0,1.0,0.0,8,0.14
0.4,0.0,0.0,0.0,1.0,0.0,9,0.16
0.4,0.1,0.0,0.0,1.0,0.0,0,0.7200000000000004
0.4,0.1,0.0,0.0,1.0,0.0,1,0.6200000000000003
0.4,0.1,0.0,0.0,1.0,0.0,2,0.7000000000000004
0.4,0.1,0.0,0.0,1.0,0.0,3,0.7800000000000005
0.4,0.1,0.0,0.0,1.0,0.0,4,0.6200000000000003
0.4,0.1,0.0,0.0,1.0,0.0,5,0.7400000000000004
0.4,0.1,0.0,0.0,1.0,0.0,6,0.7800000000000005
0.4,0.1,0.0,0.0,1.0,0.0,7,0.6400000000000003
0.4,0.1,0.0,0.0,1.0,0.0,8,0.6400000000000003
0.4,0.1,0.0,0.0,1.0,0.0,9,0.7700000000000005
0.4,0.2,0.0,0.0,1.0,0.0,0,0.7800000000000005
0.4,0.2,0.0,0.0,1.0,0.0,1,0.7700000000000005
0.4,0.2,0.0,0.0,1.0,0.0,2,0.7600000000000005
0.4,0.2,0.0,0.0,1.0,0.0,3,0.6600000000000004
0.4,0.2,0.0,0.0,1.0,0.0,4,0.6800000000000004
0.4,0.2,0.0,0.0,1.0,0.0,5,0.7100000000000004
0.4,0.2,0.0,0.0,1.0,0.0,6,0.7100000000000004
0.4,0.2,0.0,0.0,1.0,0.0,7,0.8000000000000005
0.4,0.2,0.0,0.0,1.0,0.0,8,0.7200000000000004
0.4,0.2,0.0,0.0,1.0,0.0,9,0.6300000000000003
0.4,0.3,0.0,0.0,1.0,0.0,0,0.7200000000000004
0.4,0.3,0.0,0.0,1.0,0.0,1,0.7600000000000005
0.4,0.3,0.0,0.0,1.0,0.0,2,0.6400000000000003
0.4,0.3,0.0,0.0,1.0,0.0,3,0.7400000000000004
0.4,0.3,0.0,0.0,1.0,0.0,4,0.7900000000000005
0.4,0.3,0.0,0.0,1.0,0.0,5,0.6900000000000004
0.4,0.3,0.0,0.0,1.0,0.0,6,0.6600000000000004
0.4,0.3,0.0,0.0,1.0,0.0,7,0.7000000000000004
0.4,0.3,0.0,0.0,1.0,0.0,8,0.7600000000000005
0.4,0.3,0.0,0.0,1.0,0.0,9,0.7500000000000004
0.4,0.4,0.0,0.0,1.0,0.0,0,0.5800000000000003
0.4,0.4,0.0,0.0,1.0,0.0,1,0.4800000000000002
0.4,0.4,0.0,0.0,1.0,0.0,2,0.6600000000000004
0.4,0.4,0.0,0.0,1.0,0.0,3,0.6600000000000004
0.4,0.4,0.0,0.0,1.0,0.0,4,0.7300000000000004
0.4,0.4,0.0,0.0,1.0,0.0,5,0.6400000000000003
0.4,0.4,0.0,0.0,1.0,0.0,6,0.7200000000000004
0.4,0.4,0.0,0.0,1.0,0.0,7,0.6200000000000003
0.4,0.4,0.0,0.0,1.0,0.0,8,0.6700000000000004
0.4,0.4,0.0,0.0,1.0,0.0,9,0.6000000000000003
0.4,0.5,0.0,0.0,1.0,0.0,0,0.6600000000000004
0.4,0.5,0.0,0.0,1.0,0.0,1,0.6000000000000003
0.4,0.5,0.0,0.0,1.0,0.0,2,0.6800000000000004
0.4,0.5,0.0,0.0,1.0,0.0,3,0.7000000000000004
0.4,0.5,0.0,0.0,1.0,0.0,4,0.6300000000000003
0.4,0.5,0.0,0.0,1.0,0.0,5,0.6400000000000003
0.4,0.5,0.0,0.0,1.0,0.0,6,0.6400000000000003
0.4,0.5,0.0,0.0,1.0,0.0,7,0.6500000000000004
0.4,0.5,0.0,0.0,1.0,0.0,8,0.7600000000000005
0.4,0.5,0.0,0.0,1.0,0.0,9,0.6900000000000004
0.4,0.6,0.0,0.0,1.0,0.0,0,0.6700000000000004
0.4,0.6,0.0,0.0,1.0,0.0,1,0.6800000000000004
0.4,0.6,0.0,0.0,1.0,0.0,2,0.6500000000000004
0.4,0.6,0.0,0.0,1.0,0.0,3,0.6000000000000003
0.4,0.6,0.0,0.0,1.0,0.0,4,0.6300000000000003
0.4,0.6,0.0,0.0,1.0,0.0,5,0.6500000000000004
0.4,0.6,0.0,0.0,1.0,0.0,6,0.7400000000000004
0.4,0.6,0.0,0.0,1.0,0.0,7,0.6100000000000003
0.4,0.6,0.0,0.0,1.0,0.0,8,0.6600000000000004
0.4,0.6,0.0,0.0,1.0,0.0,9,0.6500000000000004
0.4,0.7,0.0,0.0,1.0,0.0,0,0.6300000000000003
0.4,0.7,0.0,0.0,1.0,0.0,1,0.6500000000000004
0.4,0.7,0.0,0.0,1.0,0.0,2,0.6200000000000003
0.4,0.7,0.0,0.0,1.0,0.0,3,0.6700000000000004
0.4,0.7,0.0,0.0,1.0,0.0,4,0.6700000000000004
0.4,0.7,0.0,0.0,1.0,0.0,5,0.6100000000000003
0.4,0.7,0.0,0.0,1.0,0.0,6,0.6100000000000003
0.4,0.7,0.0,0.0,1.0,0.0,7,0.6600000000000004
0.4,0.7,0.0,0.0,1.0,0.0,8,0.5400000000000003
0.4,0.7,0.0,0.0,1.0,0.0,9,0.6500000000000004
0.4,0.8,0.0,0.0,1.0,0.0,0,0.6900000000000004
0.4,0.8,0.0,0.0,1.0,0.0,1,0.6200000000000003
0.4,0.8,0.0,0.0,1.0,0.0,2,0.5400000000000003
0.4,0.8,0.0,0.0,1.0,0.0,3,0.5600000000000003
0.4,0.8,0.0,0.0,1.0,0.0,4,0.5800000000000003
0.4,0.8,0.0,0.0,1.0,0.0,5,0.5600000000000003
0.4,0.8,0.0,0.0,1.0,0.0,6,0.6300000000000003
0.4,0.8,0.0,0.0,1.0,0.0,7,0.5900000000000003
0.4,0.8,0.0,0.0,1.0,0.0,8,0.6100000000000003
0.4,0.8,0.0,0.0,1.0,0.0,9,0.5100000000000002
0.4,0.9,0.0,0.0,1.0,0.0,0,0.5900000000000003
0.4,0.9,0.0,0.0,1.0,0.0,1,0.5500000000000003
0.4,0.9,0.0,0.0,1.0,0.0,2,0.5200000000000002
0.4,0.9,0.0,0.0,1.0,0.0,3,0.6600000000000004
0.4,0.9,0.0,0.0,1.0,0.0,4,0.5300000000000002
0.4,0.9,0.0,0.0,1.0,0.0,5,0.6300000000000003
0.4,0.9,0.0,0.0,1.0,0.0,6,0.5500000000000003
0.4,0.9,0.0,0.0,1.0,0.0,7,0.6300000000000003
0.4,0.9,0.0,0.0,1.0,0.0,8,0.6000000000000003
0.4,0.9,0.0,0.0,1.0,0.0,9,0.6300000000000003
0.4,1.0,0.0,0.0,1.0,0.0,0,0.5400000000000003
0.4,1.0,0.0,0.0,1.0,0.0,1,0.4400000000000002
0.4,1.0,0.0,0.0,1.0,0.0,2,0.5300000000000002
0.4,1.0,0.0,0.0,1.0,0.0,3,0.5800000000000003
0.4,1.0,0.0,0.0,1.0,0.0,4,0.4900000000000002
0.4,1.0,0.0,0.0,1.0,0.0,5,0.6200000000000003
0.4,1.0,0.0,0.0,1.0,0.0,6,0.5300000000000002
0.4,1.0,0.0,0.0,1.0,0.0,7,0.6800000000000004
0.4,1.0,0.0,0.0,1.0,0.0,8,0.5600000000000003
0.4,1.0,0.0,0.0,1.0,0.0,9,0.5800000000000003
0.5,0.0,0.0,0.0,1.0,0.0,0,0.15
0.5,0.0,0.0,0.0,1.0,0.0,1,0.12
0.5,0.0,0.0,0.0,1.0,0.0,2,0.18
0.5,0.0,0.0,0.0,1.0,0.0,3,0.18
0.5,0.0,0.0,0.0,1.0,0.0,4,0.1700000000000001
0.5,0.0,0.0,0.0,1.0,0.0,5,0.0999999999999999
0.5,0.0,0.0,0.0,1.0,0.0,6,0.2
0.5,0.0,0.0,0.0,1.0,0.0,7,0.18
0.5,0.0,0.0,0.0,1.0,0.0,8,0.1
0.5,0.0,0.0,0.0,1.0,0.0,9,0.11
0.5,0.1,0.0,0.0,1.0,0.0,0,0.7000000000000004
0.5,0.1,0.0,0.0,1.0,0.0,1,0.6800000000000004
0.5,0.1,0.0,0.0,1.0,0.0,2,0.7400000000000004
0.5,0.1,0.0,0.0,1.0,0.0,3,0.7600000000000005
0.5,0.1,0.0,0.0,1.0,0.0,4,0.7400000000000004
0.5,0.1,0.0,0.0,1.0,0.0,5,0.5800000000000003
0.5,0.1,0.0,0.0,1.0,0.0,6,0.7300000000000004
0.5,0.1,0.0,0.0,1.0,0.0,7,0.6900000000000004
0.5,0.1,0.0,0.0,1.0,0.0,8,0.6900000000000004
0.5,0.1,0.0,0.0,1.0,0.0,9,0.8000000000000005
0.5,0.2,0.0,0.0,1.0,0.0,0,0.6400000000000003
0.5,0.2,0.0,0.0,1.0,0.0,1,0.6600000000000004
0.5,0.2,0.0,0.0,1.0,0.0,2,0.7100000000000004
0.5,0.2,0.0,0.0,1.0,0.0,3,0.6100000000000003
0.5,0.2,0.0,0.0,1.0,0.0,4,0.7700000000000005
0.5,0.2,0.0,0.0,1.0,0.0,5,0.6500000000000004
0.5,0.2,0.0,0.0,1.0,0.0,6,0.7200000000000004
0.5,0.2,0.0,0.0,1.0,0.0,7,0.7400000000000004
0.5,0.2,0.0,0.0,1.0,0.0,8,0.7000000000000004
0.5,0.2,0.0,0.0,1.0,0.0,9,0.7500000000000004
0.5,0.3,0.0,0.0,1.0,0.0,0,0.6400000000000003
0.5,0.3,0.0,0.0,1.0,0.0,1,0.7200000000000004
0.5,0.3,0.0,0.0,1.0,0.0,2,0.7600000000000005
0.5,0.3,0.0,0.0,1.0,0.0,3,0.7200000000000004
0.5,0.3,0.0,0.0,1.0,0.0,4,0.6300000000000003
0.5,0.3,0.0,0.0,1.0,0.0,5,0.5700000000000003
0.5,0.3,0.0,0.0,1.0,0.0,6,0.6900000000000004
0.5,0.3,0.0,0.0,1.0,0.0,7,0.6600000000000004
0.5,0.3,0.0,0.0,1.0,0.0,8,0.6700000000000004
0.5,0.3,0.0,0.0,1.0,0.0,9,0.6800000000000004
0.5,0.4,0.0,0.0,1.0,0.0,0,0.6800000000000004
0.5,0.4,0.0,0.0,1.0,0.0,1,0.6900000000000004
0.5,0.4,0.0,0.0,1.0,0.0,2,0.7100000000000004
0.5,0.4,0.0,0.0,1.0,0.0,3,0.8000000000000005
0.5,0.4,0.0,0.0,1.0,0.0,4,0.6600000000000004
0.5,0.4,0.0,0.0,1.0,0.0,5,0.6800000000000004
0.5,0.4,0.0,0.0,1.0,0.0,6,0.6500000000000004
0.5,0.4,0.0,0.0,1.0,0.0,7,0.6600000000000004
0.5,0.4,0.0,0.0,1.0,0.0,8,0.7600000000000005
0.5,0.4,0.0,0.0,1.0,0.0,9,0.7000000000000004
0.5,0.5,0.0,0.0,1.0,0.0,0,0.6000000000000003
0.5,0.5,0.0,0.0,1.0,0.0,1,0.6600000000000004
0.5,0.5,0.0,0.0,1.0,0.0,2,0.6800000000000004
0.5,0.5,0.0,0.0,1.0,0.0,3,0.6600000000000004
0.5,0.5,0.0,0.0,1.0,0.0,4,0.7400000000000004
0.5,0.5,0.0,0.0,1.0,0.0,5,0.7200000000000004
0.5,0.5,0.0,0.0,1.0,0.0,6,0.6600000000000004
0.5,0.5,0.0,0.0,1.0,0.0,7,0.7000000000000004
0.5,0.5,0.0,0.0,1.0,0.0,8,0.6600000000000004
0.5,0.5,0.0,0.0,1.0,0.0,9,0.6800000000000004
0.5,0.6,0.0,0.0,1.0,0.0,0,0.6400000000000003
0.5,0.6,0.0,0.0,1.0,0.0,1,0.6500000000000004
0.5,0.6,0.0,0.0,1.0,0.0,2,0.7000000000000004
0.5,0.6,0.0,0.0,1.0,0.0,3,0.6700000000000004
0.5,0.6,0.0,0.0,1.0,0.0,4,0.5900000000000003
0.5,0.6,0.0,0.0,1.0,0.0,5,0.6300000000000003
0.5,0.6,0.0,0.0,1.0,0.0,6,0.7200000000000004
0.5,0.6,0.0,0.0,1.0,0.0,7,0.6000000000000003
0.5,0.6,0.0,0.0,1.0,0.0,8,0.6900000000000004
0.5,0.6,0.0,0.0,1.0,0.0,9,0.6600000000000004
0.5,0.7,0.0,0.0,1.0,0.0,0,0.5900000000000003
0.5,0.7,0.0,0.0,1.0,0.0,1,0.6000000000000003
0.5,0.7,0.0,0.0,1.0,0.0,2,0.6200000000000003
0.5,0.7,0.0,0.0,1.0,0.0,3,0.6000000000000003
0.5,0.7,0.0,0.0,1.0,0.0,4,0.6900000000000004
0.5,0.7,0.0,0.0,1.0,0.0,5,0.6300000000000003
0.5,0.7,0.0,0.0,1.0,0.0,6,0.6500000000000004
0.5,0.7,0.0,0.0,1.0,0.0,7,0.7400000000000004
0.5,0.7,0.0,0.0,1.0,0.0,8,0.5900000000000003
0.5,0.7,0.0,0.0,1.0,0.0,9,0.5800000000000003
0.5,0.8,0.0,0.0,1.0,0.0,0,0.6200000000000003
0.5,0.8,0.0,0.0,1.0,0.0,1,0.5500000000000003
0.5,0.8,0.0,0.0,1.0,0.0,2,0.6000000000000003
0.5,0.8,0.0,0.0,1.0,0.0,3,0.5000000000000002
0.5,0.8,0.0,0.0,1.0,0.0,4,0.6100000000000003
0.5,0.8,0.0,0.0,1.0,0.0,5,0.5600000000000003
0.5,0.8,0.0,0.0,1.0,0.0,6,0.5500000000000003
0.5,0.8,0.0,0.0,1.0,0.0,7,0.5900000000000003
0.5,0.8,0.0,0.0,1.0,0.0,8,0.5000000000000002
0.5,0.8,0.0,0.0,1.0,0.0,9,0.6200000000000003
0.5,0.9,0.0,0.0,1.0,0.0,0,0.5300000000000002
0.5,0.9,0.0,0.0,1.0,0.0,1,0.6500000000000004
0.5,0.9,0.0,0.0,1.0,0.0,2,0.5700000000000003
0.5,0.9,0.0,0.0,1.0,0.0,3,0.5800000000000003
0.5,0.9,0.0,0.0,1.0,0.0,4,0.5700000000000003
0.5,0.9,0.0,0.0,1.0,0.0,5,0.4200000000000002
0.5,0.9,0.0,0.0,1.0,0.0,6,0.7300000000000004
0.5,0.9,0.0,0.0,1.0,0.0,7,0.4700000000000002
0.5,0.9,0.0,0.0,1.0,0.0,8,0.5100000000000002
0.5,0.9,0.0,0.0,1.0,0.0,9,0.5600000000000003
0.5,1.0,0.0,0.0,1.0,0.0,0,0.4400000000000002
0.5,1.0,0.0,0.0,1.0,0.0,1,0.5800000000000003
0.5,1.0,0.0,0.0,1.0,0.0,2,0.7700000000000005
0.5,1.0,0.0,0.0,1.0,0.0,3,0.5900000000000003
0.5,1.0,0.0,0.0,1.0,0.0,4,0.5700000000000003
0.5,1.0,0.0,0.0,1.0,0.0,5,0.5000000000000002
0.5,1.0,0.0,0.0,1.0,0.0,6,0.4800000000000002
0.5,1.0,0.0,0.0,1.0,0.0,7,0.5500000000000003
0.5,1.0,0.0,0.0,1.0,0.0,8,0.5100000000000002
0.5,1.0,0.0,0.0,1.0,0.0,9,0.5300000000000002
0.6,0.0,0.0,0.0,1.0,0.0,0,-0.02
0.6,0.0,0.0,0.0,1.0,0.0,1,0.07
0.6,0.0,0.0,0.0,1.0,0.0,2,0.04
0.6,0.0,0.0,0.0,1.0,0.0,3,0.12
0.6,0.0,0.0,0.0,1.0,0.0,4,0.13
0.6,0.0,0.0,0.0,1.0,0.0,5,0.1
0.6,0.0,0.0,0.0,1.0,0.0,6,0.15
0.6,0.0,0.0,0.0,1.0,0.0,7,0.2
0.6,0.0,0.0,0.0,1.0,0.0,8,0.2
0.6,0.0,0.0,0.0,1.0,0.0,9,0.16
0.6,0.1,0.0,0.0,1.0,0.0,0,0.6400000000000003
0.6,0.1,0.0,0.0,1.0,0.0,1,0.8500000000000005
0.6,0.1,0.0,0.0,1.0,0.0,2,0.6400000000000003
0.6,0.1,0.0,0.0,1.0,0.0,3,0.6700000000000004
0.6,0.1,0.0,0.0,1.0,0.0,4,0.7800000000000005
0.6,0.1,0.0,0.0,1.0,0.0,5,0.7400000000000004
0.6,0.1,0.0,0.0,1.0,0.0,6,0.7900000000000005
0.6,0.1,0.0,0.0,1.0,0.0,7,0.6700000000000004
0.6,0.1,0.0,0.0,1.0,0.0,8,0.6400000000000003
0.6,0.1,0.0,0.0,1.0,0.0,9,0.6900000000000004
0.6,0.2,0.0,0.0,1.0,0.0,0,0.7000000000000004
0.6,0.2,0.0,0.0,1.0,0.0,1,0.7000000000000004
0.6,0.2,0.0,0.0,1.0,0.0,2,0.7700000000000005
0.6,0.2,0.0,0.0,1.0,0.0,3,0.8400000000000005
0.6,0.2,0.0,0.0,1.0,0.0,4,0.6800000000000004
0.6,0.2,0.0,0.0,1.0,0.0,5,0.8200000000000005
0.6,0.2,0.0,0.0,1.0,0.0,6,0.7200000000000004
0.6,0.2,0.0,0.0,1.0,0.0,7,0.6500000000000004
0.6,0.2,0.0,0.0,1.0,0.0,8,0.7400000000000004
0.6,0.2,0.0,0.0,1.0,0.0,9,0.6900000000000004
0.6,0.3,0.0,0.0,1.0,0.0,0,0.7000000000000004
0.6,0.3,0.0,0.0,1.0,0.0,1,0.7700000000000005
0.6,0.3,0.0,0.0,1.0,0.0,2,0.7500000000000004
0.6,0.3,0.0,0.0,1.0,0.0,3,0.7000000000000004
0.6,0.3,0.0,0.0,1.0,0.0,4,0.7900000000000005
0.6,0.3,0.0,0.0,1.0,0.0,5,0.5700000000000003
0.6,0.3,0.0,0.0,1.0,0.0,6,0.6700000000000004
0.6,0.3,0.0,0.0,1.0,0.0,7,0.6800000000000004
0.6,0.3,0.0,0.0,1.0,0.0,8,0.6700000000000004
0.6,0.3,0.0,0.0,1.0,0.0,9,0.7100000000000004
0.6,0.4,0.0,0.0,1.0,0.0,0,0.7500000000000004
0.6,0.4,0.0,0.0,1.0,0.0,1,0.6800000000000004
0.6,0.4,0.0,0.0,1.0,0.0,2,0.6300000000000003
0.6,0.4,0.0,0.0,1.0,0.0,3,0.6500000000000004
0.6,0.4,0.0,0.0,1.0,0.0,4,0.6400000000000003
0.6,0.4,0.0,0.0,1.0,0.0,5,0.6400000000000003
0.6,0.4,0.0,0.0,1.0,0.0,6,0.7000000000000004
0.6,0.4,0.0,0.0,1.0,0.0,7,0.6900000000000004
0.6,0.4,0.0,0.0,1.0,0.0,8,0.6800000000000004
0.6,0.4,0.0,0.0,1.0,0.0,9,0.6400000000000003
0.6,0.5,0.0,0.0,1.0,0.0,0,0.5200000000000002
0.6,0.5,0.0,0.0,1.0,0.0,1,0.6600000000000004
0.6,0.5,0.0,0.0,1.0,0.0,2,0.7400000000000004
0.6,0.5,0.0,0.0,1.0,0.0,3,0.6500000000000004
0.6,0.5,0.0,0.0,1.0,0.0,4,0.6600000000000004
0.6,0.5,0.0,0.0,1.0,0.0,5,0.6700000000000004
0.6,0.5,0.0,0.0,1.0,0.0,6,0.6800000000000004
0.6,0.5,0.0,0.0,1.0,0.0,7,0.7100000000000004
0.6,0.5,0.0,0.0,1.0,0.0,8,0.5500000000000003
0.6,0.5,0.0,0.0,1.0,0.0,9,0.6600000000000004
0.6,0.6,0.0,0.0,1.0,0.0,0,0.5900000000000003
0.6,0.6,0.0,0.0,1.0,0.0,1,0.7200000000000004
0.6,0.6,0.0,0.0,1.0,0.0,2,0.6600000000000004
0.6,0.6,0.0,0.0,1.0,0.0,3,0.5900000000000003
0.6,0.6,0.0,0.0,1.0,0.0,4,0.5200000000000002
0.6,0.6,0.0,0.0,1.0,0.0,5,0.6000000000000003
0.6,0.6,0.0,0.0,1.0,0.0,6,0.6900000000000004
0.6,0.6,0.0,0.0,1.0,0.0,7,0.6400000000000003
0.6,0.6,0.0,0.0,1.0,0.0,8,0.6500000000000004
0.6,0.6,0.0,0.0,1.0,0.0,9,0.5700000000000003
0.6,0.7,0.0,0.0,1.0,0.0,0,0.6800000000000004
0.6,0.7,0.0,0.0,1.0,0.0,1,0.5100000000000002
0.6,0.7,0.0,0.0,1.0,0.0,2,0.6800000000000004
0.6,0.7,0.0,0.0,1.0,0.0,3,0.6000000000000003
0.6,0.7,0.0,0.0,1.0,0.0,4,0.5400000000000003
0.6,0.7,0.0,0.0,1.0,0.0,5,0.5600000000000003
0.6,0.7,0.0,0.0,1.0,0.0,6,0.7000000000000004
0.6,0.7,0.0,0.0,1.0,0.0,7,0.6000000000000003
0.6,0.7,0.0,0.0,1.0,0.0,8,0.6800000000000004
0.6,0.7,0.0,0.0,1.0,0.0,9,0.6300000000000003
0.6,0.8,0.0,0.0,1.0,0.0,0,0.6000000000000003
0.6,0.8,0.0,0.0,1.0,0.0,1,0.6000000000000003
0.6,0.8,0.0,0.0,1.0,0.0,2,0.5200000000000002
0.6,0.8,0.0,0.0,1.0,0.0,3,0.5700000000000003
0.6,0.8,0.0,0.0,1.0,0.0,4,0.6500000000000004
0.6,0.8,0.0,0.0,1.0,0.0,5,0.6800000000000004
0.6,0.8,0.0,0.0,1.0,0.0,6,0.5400000000000003
0.6,0.8,0.0,0.0,1.0,0.0,7,0.6400000000000003
0.6,0.8,0.0,0.0,1.0,0.0,8,0.5400000000000003
0.6,0.8,0.0,0.0,1.0,0.0,9,0.5700000000000003
0.6,0.9,0.0,0.0,1.0,0.0,0,0.5500000000000003
0.6,0.9,0.0,0.0,1.0,0.0,1,0.6600000000000004
0.6,0.9,0.0,0.0,1.0,0.0,2,0.6300000000000003
0.6,0.9,0.0,0.0,1.0,0.0,3,0.6300000000000003
0.6,0.9,0.0,0.0,1.0,0.0,4,0.6200000000000003
0.6,0.9,0.0,0.0,1.0,0.0,5,0.6000000000000003
0.6,0.9,0.0,0.0,1.0,0.0,6,0.6800000000000004
0.6,0.9,0.0,0.0,1.0,0.0,7,0.6100000000000003
0.6,0.9,0.0,0.0,1.0,0.0,8,0.5000000000000002
0.6,0.9,0.0,0.0,1.0,0.0,9,0.4600000000000002
0.6,1.0,0.0,0.0,1.0,0.0,0,0.5700000000000003
0.6,1.0,0.0,0.0,1.0,0.0,1,0.5700000000000003
0.6,1.0,0.0,0.0,1.0,0.0,2,0.6400000000000003
0.6,1.0,0.0,0.0,1.0,0.0,3,0.5300000000000002
0.6,1.0,0.0,0.0,1.0,0.0,4,0.6200000000000003
0.6,1.0,0.0,0.0,1.0,0.0,5,0.6400000000000003
0.6,1.0,0.0,0.0,1.0,0.0,6,0.5000000000000002
0.6,1.0,0.0,0.0,1.0,0.0,7,0.5900000000000003
0.6,1.0,0.0,0.0,1.0,0.0,8,0.6300000000000003
0.6,1.0,0.0,0.0,1.0,0.0,9,0.6200000000000003
0.7,0.0,0.0,0.0,1.0,0.0,0,0.11
0.7,0.0,0.0,0.0,1.0,0.0,1,0.1099999999999999
0.7,0.0,0.0,0.0,1.0,0.0,2,0.18
0.7,0.0,0.0,0.0,1.0,0.0,3,0.18
0.7,0.0,0.0,0.0,1.0,0.0,4,0.15
0.7,0.0,0.0,0.0,1.0,0.0,5,0.12
0.7,0.0,0.0,0.0,1.0,0.0,6,0.17
0.7,0.0,0.0,0.0,1.0,0.0,7,-0.06
0.7,0.0,0.0,0.0,1.0,0.0,8,0.11
0.7,0.0,0.0,0.0,1.0,0.0,9,0.1500000000000001
0.7,0.1,0.0,0.0,1.0,0.0,0,0.7000000000000004
0.7,0.1,0.0,0.0,1.0,0.0,1,0.7500000000000004
0.7,0.1,0.0,0.0,1.0,0.0,2,0.6700000000000004
0.7,0.1,0.0,0.0,1.0,0.0,3,0.5700000000000003
0.7,0.1,0.0,0.0,1.0,0.0,4,0.7200000000000004
0.7,0.1,0.0,0.0,1.0,0.0,5,0.6800000000000004
0.7,0.1,0.0,0.0,1.0,0.0,6,0.7500000000000004
0.7,0.1,0.0,0.0,1.0,0.0,7,0.6500000000000004
0.7,0.1,0.0,0.0,1.0,0.0,8,0.7600000000000005
0.7,0.1,0.0,0.0,1.0,0.0,9,0.6400000000000003
0.7,0.2,0.0,0.0,1.0,0.0,0,0.6600000000000004
0.7,0.2,0.0,0.0,1.0,0.0,1,0.8000000000000005
0.7,0.2,0.0,0.0,1.0,0.0,2,0.6500000000000004
0.7,0.2,0.0,0.0,1.0,0.0,3,0.6500000000000004
0.7,0.2,0.0,0.0,1.0,0.0,4,0.6900000000000004
0.7,0.2,0.0,0.0,1.0,0.0,5,0.6800000000000004
0.7,0.2,0.0,0.0,1.0,0.0,6,0.7700000000000005
0.7,0.2,0.0,0.0,1.0,0.0,7,0.7300000000000004
0.7,0.2,0.0,0.0,1.0,0.0,8,0.7700000000000005
0.7,0.2,0.0,0.0,1.0,0.0,9,0.8100000000000005
0.7,0.3,0.0,0.0,1.0,0.0,0,0.7000000000000004
0.7,0.3,0.0,0.0,1.0,0.0,1,0.7100000000000004
0.7,0.3,0.0,0.0,1.0,0.0,2,0.6800000000000004
0.7,0.3,0.0,0.0,1.0,0.0,3,0.7100000000000004
0.7,0.3,0.0,0.0,1.0,0.0,4,0.7300000000000004
0.7,0.3,0.0,0.0,1.0,0.0,5,0.6800000000000004
0.7,0.3,0.0,0.0,1.0,0.0,6,0.6500000000000004
0.7,0.3,0.0,0.0,1.0,0.0,7,0.7700000000000005
0.7,0.3,0.0,0.0,1.0,0.0,8,0.6900000000000004
0.7,0.3,0.0,0.0,1.0,0.0,9,0.6500000000000004
0.7,0.4,0.0,0.0,1.0,0.0,0,0.7300000000000004
0.7,0.4,0.0,0.0,1.0,0.0,1,0.6400000000000003
0.7,0.4,0.0,0.0,1.0,0.0,2,0.7500000000000004
0.7,0.4,0.0,0.0,1.0,0.0,3,0.7500000000000004
0.7,0.4,0.0,0.0,1.0,0.0,4,0.6800000000000004
0.7,0.4,0.0,0.0,1.0,0.0,5,0.7300000000000004
0.7,0.4,0.0,0.0,1.0,0.0,6,0.6300000000000003
0.7,0.4,0.0,0.0,1.0,0.0,7,0.7100000000000004
0.7,0.4,0.0,0.0,1.0,0.0,8,0.5700000000000003
0.7,0.4,0.0,0.0,1.0,0.0,9,0.6000000000000003
0.7,0.5,0.0,0.0,1.0,0.0,0,0.6300000000000003
0.7,0.5,0.0,0.0,1.0,0.0,1,0.7100000000000004
0.7,0.5,0.0,0.0,1.0,0.0,2,0.6300000000000003
0.7,0.5,0.0,0.0,1.0,0.0,3,0.6300000000000003
0.7,0.5,0.0,0.0,1.0,0.0,4,0.6900000000000004
0.7,0.5,0.0,0.0,1.0,0.0,5,0.7200000000000004
0.7,0.5,0.0,0.0,1.0,0.0,6,0.6600000000000004
0.7,0.5,0.0,0.0,1.0,0.0,7,0.6500000000000004
0.7,0.5,0.0,0.0,1.0,0.0,8,0.6700000000000004
0.7,0.5,0.0,0.0,1.0,0.0,9,0.7200000000000004
0.7,0.6,0.0,0.0,1.0,0.0,0,0.7400000000000004
0.7,0.6,0.0,0.0,1.0,0.0,1,0.6800000000000004
0.7,0.6,0.0,0.0,1.0,0.0,2,0.6800000000000004
0.7,0.6,0.0,0.0,1.0,0.0,3,0.7000000000000004
0.7,0.6,0.0,0.0,1.0,0.0,4,0.6600000000000004
0.7,0.6,0.0,0.0,1.0,0.0,5,0.6900000000000004
0.7,0.6,0.0,0.0,1.0,0.0,6,0.6600000000000004
0.7,0.6,0.0,0.0,1.0,0.0,7,0.6200000000000003
0.7,0.6,0.0,0.0,1.0,0.0,8,0.5700000000000003
0.7,0.6,0.0,0.0,1.0,0.0,9,0.6100000000000003
0.7,0.7,0.0,0.0,1.0,0.0,0,0.6800000000000004
0.7,0.7,0.0,0.0,1.0,0.0,1,0.6300000000000003
0.7,0.7,0.0,0.0,1.0,0.0,2,0.6000000000000003
0.7,0.7,0.0,0.0,1.0,0.0,3,0.5900000000000003
0.7,0.7,0.0,0.0,1.0,0.0,4,0.6700000000000004
0.7,0.7,0.0,0.0,1.0,0.0,5,0.6500000000000004
0.7,0.7,0.0,0.0,1.0,0.0,6,0.6400000000000003
0.7,0.7,0.0,0.0,1.0,0.0,7,0.6000000000000003
0.7,0.7,0.0,0.0,1.0,0.0,8,0.6100000000000003
0.7,0.7,0.0,0.0,1.0,0.0,9,0.6200000000000003
0.7,0.8,0.0,0.0,1.0,0.0,0,0.6700000000000004
0.7,0.8,0.0,0.0,1.0,0.0,1,0.4700000000000002
0.7,0.8,0.0,0.0,1.0,0.0,2,0.6300000000000003
0.7,0.8,0.0,0.0,1.0,0.0,3,0.6600000000000004
0.7,0.8,0.0,0.0,1.0,0.0,4,0.6500000000000004
0.7,0.8,0.0,0.0,1.0,0.0,5,0.6100000000000003
0.7,0.8,0.0,0.0,1.0,0.0,6,0.6400000000000003
0.7,0.8,0.0,0.0,1.0,0.0,7,0.6700000000000004
0.7,0.8,0.0,0.0,1.0,0.0,8,0.6300000000000003
0.7,0.8,0.0,0.0,1.0,0.0,9,0.6000000000000003
0.7,0.9,0.0,0.0,1.0,0.0,0,0.6700000000000004
0.7,0.9,0.0,0.0,1.0,0.0,1,0.5300000000000002
0.7,0.9,0.0,0.0,1.0,0.0,2,0.6500000000000004
0.7,0.9,0.0,0.0,1.0,0.0,3,0.5800000000000003
0.7,0.9,0.0,0.0,1.0,0.0,4,0.7000000000000004
0.7,0.9,0.0,0.0,1.0,0.0,5,0.6000000000000003
0.7,0.9,0.0,0.0,1.0,0.0,6,0.6500000000000004
0.7,0.9,0.0,0.0,1.0,0.0,7,0.6400000000000003
0.7,0.9,0.0,0.0,1.0,0.0,8,0.5200000000000002
0.7,0.9,0.0,0.0,1.0,0.0,9,0.5900000000000003
0.7,1.0,0.0,0.0,1.0,0.0,0,0.4800000000000002
0.7,1.0,0.0,0.0,1.0,0.0,1,0.5400000000000003
0.7,1.0,0.0,0.0,1.0,0.0,2,0.6400000000000003
0.7,1.0,0.0,0.0,1.0,0.0,3,0.4900000000000002
0.7,1.0,0.0,0.0,1.0,0.0,4,0.6000000000000003
0.7,1.0,0.0,0.0,1.0,0.0,5,0.4700000000000002
0.7,1.0,0.0,0.0,1.0,0.0,6,0.5700000000000003
0.7,1.0,0.0,0.0,1.0,0.0,7,0.6300000000000003
0.7,1.0,0.0,0.0,1.0,0.0,8,0.6100000000000003
0.7,1.0,0.0,0.0,1.0,0.0,9,0.5100000000000002
0.8,0.0,0.0,0.0,1.0,0.0,0,0.2800000000000001
0.8,0.0,0.0,0.0,1.0,0.0,1,0.18
0.8,0.0,0.0,0.0,1.0,0.0,2,0.03
0.8,0.0,0.0,0.0,1.0,0.0,3,0.18
0.8,0.0,0.0,0.0,1.0,0.0,4,0.19
0.8,0.0,0.0,0.0,1.0,0.0,5,0.12
0.8,0.0,0.0,0.0,1.0,0.0,6,0.12
0.8,0.0,0.0,0.0,1.0,0.0,7,0.0399999999999999
0.8,0.0,0.0,0.0,1.0,0.0,8,0.09
0.8,0.0,0.0,0.0,1.0,0.0,9,0.17
0.8,0.1,0.0,0.0,1.0,0.0,0,0.6800000000000004
0.8,0.1,0.0,0.0,1.0,0.0,1,0.6500000000000004
0.8,0.1,0.0,0.0,1.0,0.0,2,0.7700000000000005
0.8,0.1,0.0,0.0,1.0,0.0,3,0.7100000000000004
0.8,0.1,0.0,0.0,1.0,0.0,4,0.7700000000000005
0.8,0.1,0.0,0.0,1.0,0.0,5,0.7200000000000004
0.8,0.1,0.0,0.0,1.0,0.0,6,0.6400000000000003
0.8,0.1,0.0,0.0,1.0,0.0,7,0.7000000000000004
0.8,0.1,0.0,0.0,1.0,0.0,8,0.7900000000000005
0.8,0.1,0.0,0.0,1.0,0.0,9,0.7100000000000004
0.8,0.2,0.0,0.0,1.0,0.0,0,0.6900000000000004
0.8,0.2,0.0,0.0,1.0,0.0,1,0.7000000000000004
0.8,0.2,0.0,0.0,1.0,0.0,2,0.6800000000000004
0.8,0.2,0.0,0.0,1.0,0.0,3,0.6800000000000004
0.8,0.2,0.0,0.0,1.0,0.0,4,0.6600000000000004
0.8,0.2,0.0,0.0,1.0,0.0,5,0.6400000000000003
0.8,0.2,0.0,0.0,1.0,0.0,6,0.6400000000000003
0.8,0.2,0.0,0.0,1.0,0.0,7,0.7500000000000004
0.8,0.2,0.0,0.0,1.0,0.0,8,0.6900000000000004
0.8,0.2,0.0,0.0,1.0,0.0,9,0.6600000000000004
0.8,0.3,0.0,0.0,1.0,0.0,0,0.6800000000000004
0.8,0.3,0.0,0.0,1.0,0.0,1,0.7000000000000004
0.8,0.3,0.0,0.0,1.0,0.0,2,0.6700000000000004
0.8,0.3,0.0,0.0,1.0,0.0,3,0.6400000000000003
0.8,0.3,0.0,0.0,1.0,0.0,4,0.7200000000000004
0.8,0.3,0.0,0.0,1.0,0.0,5,0.7600000000000005
0.8,0.3,0.0,0.0,1.0,0.0,6,0.7100000000000004
0.8,0.3,0.0,0.0,1.0,0.0,7,0.7100000000000004
0.8,0.3,0.0,0.0,1.0,0.0,8,0.5600000000000003
0.8,0.3,0.0,0.0,1.0,0.0,9,0.7700000000000005
0.8,0.4,0.0,0.0,1.0,0.0,0,0.7700000000000005
0.8,0.4,0.0,0.0,1.0,0.0,1,0.6800000000000004
0.8,0.4,0.0,0.0,1.0,0.0,2,0.6400000000000003
0.8,0.4,0.0,0.0,1.0,0.0,3,0.6900000000000004
0.8,0.4,0.0,0.0,1.0,0.0,4,0.6400000000000003
0.8,0.4,0.0,0.0,1.0,0.0,5,0.5800000000000003
0.8,0.4,0.0,0.0,1.0,0.0,6,0.7100000000000004
0.8,0.4,0.0,0.0,1.0,0.0,7,0.5500000000000003
0.8,0.4,0.0,0.0,1.0,0.0,8,0.6300000000000003
0.8,0.4,0.0,0.0,1.0,0.0,9,0.6300000000000003
0.8,0.5,0.0,0.0,1.0,0.0,0,0.6400000000000003
0.8,0.5,0.0,0.0,1.0,0.0,1,0.8000000000000005
0.8,0.5,0.0,0.0,1.0,0.0,2,0.6600000000000004
0.8,0.5,0.0,0.0,1.0,0.0,3,0.5900000000000003
0.8,0.5,0.0,0.0,1.0,0.0,4,0.6400000000000003
0.8,0.5,0.0,0.0,1.0,0.0,5,0.6900000000000004
0.8,0.5,0.0,0.0,1.0,0.0,6,0.6000000000000003
0.8,0.5,0.0,0.0,1.0,0.0,7,0.6500000000000004
0.8,0.5,0.0,0.0,1.0,0.0,8,0.7300000000000004
0.8,0.5,0.0,0.0,1.0,0.0,9,0.6800000000000004
0.8,0.6,0.0,0.0,1.0,0.0,0,0.5900000000000003
0.8,0.6,0.0,0.0,1.0,0.0,1,0.6200000000000003
0.8,0.6,0.0,0.0,1.0,0.0,2,0.5300000000000002
0.8,0.6,0.0,0.0,1.0,0.0,3,0.6600000000000004
0.8,0.6,0.0,0.0,1.0,0.0,4,0.6900000000000004
0.8,0.6,0.0,0.0,1.0,0.0,5,0.6600000000000004
0.8,0.6,0.0,0.0,1.0,0.0,6,0.6700000000000004
0.8,0.6,0.0,0.0,1.0,0.0,7,0.5100000000000002
0.8,0.6,0.0,0.0,1.0,0.0,8,0.6900000000000004
0.8,0.6,0.0,0.0,1.0,0.0,9,0.6500000000000004
0.8,0.7,0.0,0.0,1.0,0.0,0,0.5700000000000003
0.8,0.7,0.0,0.0,1.0,0.0,1,0.6200000000000003
0.8,0.7,0.0,0.0,1.0,0.0,2,0.6100000000000003
0.8,0.7,0.0,0.0,1.0,0.0,3,0.5700000000000003
0.8,0.7,0.0,0.0,1.0,0.0,4,0.5000000000000002
0.8,0.7,0.0,0.0,1.0,0.0,5,0.5500000000000003
0.8,0.7,0.0,0.0,1.0,0.0,6,0.6100000000000003
0.8,0.7,0.0,0.0,1.0,0.0,7,0.5900000000000003
0.8,0.7,0.0,0.0,1.0,0.0,8,0.5900000000000003
0.8,0.7,0.0,0.0,1.0,0.0,9,0.6400000000000003
0.8,0.8,0.0,0.0,1.0,0.0,0,0.6600000000000004
0.8,0.8,0.0,0.0,1.0,0.0,1,0.5900000000000003
0.8,0.8,0.0,0.0,1.0,0.0,2,0.5400000000000003
0.8,0.8,0.0,0.0,1.0,0.0,3,0.6300000000000003
0.8,0.8,0.0,0.0,1.0,0.0,4,0.6600000000000004
0.8,0.8,0.0,0.0,1.0,0.0,5,0.6600000000000004
0.8,0.8,0.0,0.0,1.0,0.0,6,0.6100000000000003
0.8,0.8,0.0,0.0,1.0,0.0,7,0.6100000000000003
0.8,0.8,0.0,0.0,1.0,0.0,8,0.5000000000000002
0.8,0.8,0.0,0.0,1.0,0.0,9,0.5800000000000003
0.8,0.9,0.0,0.0,1.0,0.0,0,0.6300000000000003
0.8,0.9,0.0,0.0,1.0,0.0,1,0.5800000000000003
0.8,0.9,0.0,0.0,1.0,0.0,2,0.6200000000000003
0.8,0.9,0.0,0.0,1.0,0.0,3,0.6600000000000004
0.8,0.9,0.0,0.0,1.0,0.0,4,0.6600000000000004
0.8,0.9,0.0,0.0,1.0,0.0,5,0.6100000000000003
0.8,0.9,0.0,0.0,1.0,0.0,6,0.6000000000000003
0.8,0.9,0.0,0.0,1.0,0.0,7,0.5100000000000002
0.8,0.9,0.0,0.0,1.0,0.0,8,0.7100000000000004
0.8,0.9,0.0,0.0,1.0,0.0,9,0.6200000000000003
0.8,1.0,0.0,0.0,1.0,0.0,0,0.5600000000000003
0.8,1.0,0.0,0.0,1.0,0.0,1,0.5200000000000002
0.8,1.0,0.0,0.0,1.0,0.0,2,0.5100000000000002
0.8,1.0,0.0,0.0,1.0,0.0,3,0.5300000000000002
0.8,1.0,0.0,0.0,1.0,0.0,4,0.5300000000000002
0.8,1.0,0.0,0.0,1.0,0.0,5,0.3800000000000001
0.8,1.0,0.0,0.0,1.0,0.0,6,0.5800000000000003
0.8,1.0,0.0,0.0,1.0,0.0,7,0.5200000000000002
0.8,1.0,0.0,0.0,1.0,0.0,8,0.5000000000000002
0.8,1.0,0.0,0.0,1.0,0.0,9,0.5000000000000002
0.9,0.0,0.0,0.0,1.0,0.0,0,0.24
0.9,0.0,0.0,0.0,1.0,0.0,1,-0.0299999999999999
0.9,0.0,0.0,0.0,1.0,0.0,2,0.03
0.9,0.0,0.0,0.0,1.0,0.0,3,0.14
0.9,0.0,0.0,0.0,1.0,0.0,4,0.23
0.9,0.0,0.0,0.0,1.0,0.0,5,0.15
0.9,0.0,0.0,0.0,1.0,0.0,6,0.1399999999999999
0.9,0.0,0.0,0.0,1.0,0.0,7,0.21
0.9,0.0,0.0,0.0,1.0,0.0,8,0.11
0.9,0.0,0.0,0.0,1.0,0.0,9,0.02
0.9,0.1,0.0,0.0,1.0,0.0,0,0.7200000000000004
0.9,0.1,0.0,0.0,1.0,0.0,1,0.6400000000000003
0.9,0.1,0.0,0.0,1.0,0.0,2,0.6600000000000004
0.9,0.1,0.0,0.0,1.0,0.0,3,0.7500000000000004
0.9,0.1,0.0,0.0,1.0,0.0,4,0.7000000000000004
0.9,0.1,0.0,0.0,1.0,0.0,5,0.6900000000000004
0.9,0.1,0.0,0.0,1.0,0.0,6,0.6700000000000004
0.9,0.1,0.0,0.0,1.0,0.0,7,0.6700000000000004
0.9,0.1,0.0,0.0,1.0,0.0,8,0.6500000000000004
0.9,0.1,0.0,0.0,1.0,0.0,9,0.6700000000000004
0.9,0.2,0.0,0.0,1.0,0.0,0,0.5900000000000003
0.9,0.2,0.0,0.0,1.0,0.0,1,0.6300000000000003
0.9,0.2,0.0,0.0,1.0,0.0,2,0.6700000000000004
0.9,0.2,0.0,0.0,1.0,0.0,3,0.6700000000000004
0.9,0.2,0.0,0.0,1.0,0.0,4,0.6400000000000003
0.9,0.2,0.0,0.0,1.0,0.0,5,0.7000000000000004
0.9,0.2,0.0,0.0,1.0,0.0,6,0.6700000000000004
0.9,0.2,0.0,0.0,1.0,0.0,7,0.7700000000000005
0.9,0.2,0.0,0.0,1.0,0.0,8,0.7300000000000004
0.9,0.2,0.0,0.0,1.0,0.0,9,0.6100000000000003
0.9,0.3,0.0,0.0,1.0,0.0,0,0.6800000000000004
0.9,0.3,0.0,0.0,1.0,0.0,1,0.6500000000000004
0.9,0.3,0.0,0.0,1.0,0.0,2,0.7200000000000004
0.9,0.3,0.0,0.0,1.0,0.0,3,0.6800000000000004
0.9,0.3,0.0,0.0,1.0,0.0,4,0.6800000000000004
0.9,0.3,0.0,0.0,1.0,0.0,5,0.7000000000000004
0.9,0.3,0.0,0.0,1.0,0.0,6,0.6900000000000004
0.9,0.3,0.0,0.0,1.0,0.0,7,0.6700000000000004
0.9,0.3,0.0,0.0,1.0,0.0,8,0.6400000000000003
0.9,0.3,0.0,0.0,1.0,0.0,9,0.6300000000000003
0.9,0.4,0.0,0.0,1.0,0.0,0,0.7500000000000004
0.9,0.4,0.0,0.0,1.0,0.0,1,0.6200000000000003
0.9,0.4,0.0,0.0,1.0,0.0,2,0.6900000000000004
0.9,0.4,0.0,0.0,1.0,0.0,3,0.6100000000000003
0.9,0.4,0.0,0.0,1.0,0.0,4,0.6300000000000003
0.9,0.4,0.0,0.0,1.0,0.0,5,0.7200000000000004
0.9,0.4,0.0,0.0,1.0,0.0,6,0.6900000000000004
0.9,0.4,0.0,0.0,1.0,0.0,7,0.6500000000000004
0.9,0.4,0.0,0.0,1.0,0.0,8,0.6900000000000004
0.9,0.4,0.0,0.0,1.0,0.0,9,0.5400000000000003
0.9,0.5,0.0,0.0,1.0,0.0,0,0.6800000000000004
0.9,0.5,0.0,0.0,1.0,0.0,1,0.6900000000000004
0.9,0.5,0.0,0.0,1.0,0.0,2,0.6900000000000004
0.9,0.5,0.0,0.0,1.0,0.0,3,0.6900000000000004
0.9,0.5,0.0,0.0,1.0,0.0,4,0.7600000000000005
0.9,0.5,0.0,0.0,1.0,0.0,5,0.6600000000000004
0.9,0.5,0.0,0.0,1.0,0.0,6,0.6600000000000004
0.9,0.5,0.0,0.0,1.0,0.0,7,0.5800000000000003
0.9,0.5,0.0,0.0,1.0,0.0,8,0.6800000000000004
0.9,0.5,0.0,0.0,1.0,0.0,9,0.7600000000000005
0.9,0.6,0.0,0.0,1.0,0.0,0,0.6400000000000003
0.9,0.6,0.0,0.0,1.0,0.0,1,0.7100000000000004
0.9,0.6,0.0,0.0,1.0,0.0,2,0.6700000000000004
0.9,0.6,0.0,0.0,1.0,0.0,3,0.6100000000000003
0.9,0.6,0.0,0.0,1.0,0.0,4,0.6700000000000004
0.9,0.6,0.0,0.0,1.0,0.0,5,0.6300000000000003
0.9,0.6,0.0,0.0,1.0,0.0,6,0.7000000000000004
0.9,0.6,0.0,0.0,1.0,0.0,7,0.7100000000000004
0.9,0.6,0.0,0.0,1.0,0.0,8,0.5500000000000003
0.9,0.6,0.0,0.0,1.0,0.0,9,0.6400000000000003
0.9,0.7,0.0,0.0,1.0,0.0,0,0.6200000000000003
0.9,0.7,0.0,0.0,1.0,0.0,1,0.6300000000000003
0.9,0.7,0.0,0.0,1.0,0.0,2,0.5700000000000003
0.9,0.7,0.0,0.0,1.0,0.0,3,0.5600000000000003
0.9,0.7,0.0,0.0,1.0,0.0,4,0.5900000000000003
0.9,0.7,0.0,0.0,1.0,0.0,5,0.6500000000000004
0.9,0.7,0.0,0.0,1.0,0.0,6,0.6300000000000003
0.9,0.7,0.0,0.0,1.0,0.0,7,0.5800000000000003
0.9,0.7,0.0,0.0,1.0,0.0,8,0.5700000000000003
0.9,0.7,0.0,0.0,1.0,0.0,9,0.6300000000000003
0.9,0.8,0.0,0.0,1.0,0.0,0,0.7700000000000005
0.9,0.8,0.0,0.0,1.0,0.0,1,0.6000000000000003
0.9,0.8,0.0,0.0,1.0,0.0,2,0.6100000000000003
0.9,0.8,0.0,0.0,1.0,0.0,3,0.6300000000000003
0.9,0.8,0.0,0.0,1.0,0.0,4,0.5800000000000003
0.9,0.8,0.0,0.0,1.0,0.0,5,0.5900000000000003
0.9,0.8,0.0,0.0,1.0,0.0,6,0.6100000000000003
0.9,0.8,0.0,0.0,1.0,0.0,7,0.6000000000000003
0.9,0.8,0.0,0.0,1.0,0.0,8,0.5400000000000003
0.9,0.8,0.0,0.0,1.0,0.0,9,0.7200000000000004
0.9,0.9,0.0,0.0,1.0,0.0,0,0.6000000000000003
0.9,0.9,0.0,0.0,1.0,0.0,1,0.5200000000000002
0.9,0.9,0.0,0.0,1.0,0.0,2,0.5300000000000002
0.9,0.9,0.0,0.0,1.0,0.0,3,0.5800000000000003
0.9,0.9,0.0,0.0,1.0,0.0,4,0.5100000000000002
0.9,0.9,0.0,0.0,1.0,0.0,5,0.6500000000000004
0.9,0.9,0.0,0.0,1.0,0.0,6,0.5600000000000003
0.9,0.9,0.0,0.0,1.0,0.0,7,0.5300000000000002
0.9,0.9,0.0,0.0,1.0,0.0,8,0.6100000000000003
0.9,0.9,0.0,0.0,1.0,0.0,9,0.6000000000000003
0.9,1.0,0.0,0.0,1.0,0.0,0,0.5500000000000003
0.9,1.0,0.0,0.0,1.0,0.0,1,0.3700000000000001
0.9,1.0,0.0,0.0,1.0,0.0,2,0.5500000000000003
0.9,1.0,0.0,0.0,1.0,0.0,3,0.5700000000000003
0.9,1.0,0.0,0.0,1.0,0.0,4,0.6500000000000004
0.9,1.0,0.0,0.0,1.0,0.0,5,0.6300000000000003
0.9,1.0,0.0,0.0,1.0,0.0,6,0.5200000000000002
0.9,1.0,0.0,0.0,1.0,0.0,7,0.5900000000000003
0.9,1.0,0.0,0.0,1.0,0.0,8,0.4300000000000001
0.9,1.0,0.0,0.0,1.0,0.0,9,0.5500000000000003
1.0,0.0,0.0,0.0,1.0,0.0,0,0.11
1.0,0.0,0.0,0.0,1.0,0.0,1,0.26
1.0,0.0,0.0,0.0,1.0,0.0,2,0.09
1.0,0.0,0.0,0.0,1.0,0.0,3,0.12
1.0,0.0,0.0,0.0,1.0,0.0,4,0.17
1.0,0.0,0.0,0.0,1.0,0.0,5,0.22
1.0,0.0,0.0,0.0,1.0,0.0,6,0.03
1.0,0.0,0.0,0.0,1.0,0.0,7,0.13
1.0,0.0,0.0,0.0,1.0,0.0,8,0.13
1.0,0.0,0.0,0.0,1.0,0.0,9,0.0799999999999999
1.0,0.1,0.0,0.0,1.0,0.0,0,0.7500000000000004
1.0,0.1,0.0,0.0,1.0,0.0,1,0.6900000000000004
1.0,0.1,0.0,0.0,1.0,0.0,2,0.6500000000000004
1.0,0.1,0.0,0.0,1.0,0.0,3,0.6200000000000003
1.0,0.1,0.0,0.0,1.0,0.0,4,0.6600000000000004
1.0,0.1,0.0,0.0,1.0,0.0,5,0.7600000000000005
1.0,0.1,0.0,0.0,1.0,0.0,6,0.6700000000000004
1.0,0.1,0.0,0.0,1.0,0.0,7,0.6900000000000004
1.0,0.1,0.0,0.0,1.0,0.0,8,0.6900000000000004
1.0,0.1,0.0,0.0,1.0,0.0,9,0.6000000000000003
1.0,0.2,0.0,0.0,1.0,0.0,0,0.7900000000000005
1.0,0.2,0.0,0.0,1.0,0.0,1,0.6900000000000004
1.0,0.2,0.0,0.0,1.0,0.0,2,0.7400000000000004
1.0,0.2,0.0,0.0,1.0,0.0,3,0.6800000000000004
1.0,0.2,0.0,0.0,1.0,0.0,4,0.7400000000000004
1.0,0.2,0.0,0.0,1.0,0.0,5,0.6000000000000003
1.0,0.2,0.0,0.0,1.0,0.0,6,0.7600000000000005
1.0,0.2,0.0,0.0,1.0,0.0,7,0.8100000000000005
1.0,0.2,0.0,0.0,1.0,0.0,8,0.7500000000000004
1.0,0.2,0.0,0.0,1.0,0.0,9,0.7300000000000004
1.0,0.3,0.0,0.0,1.0,0.0,0,0.6100000000000003
1.0,0.3,0.0,0.0,1.0,0.0,1,0.6700000000000004
1.0,0.3,0.0,0.0,1.0,0.0,2,0.7100000000000004
1.0,0.3,0.0,0.0,1.0,0.0,3,0.6600000000000004
1.0,0.3,0.0,0.0,1.0,0.0,4,0.6200000000000003
1.0,0.3,0.0,0.0,1.0,0.0,5,0.6900000000000004
1.0,0.3,0.0,0.0,1.0,0.0,6,0.7700000000000005
1.0,0.3,0.0,0.0,1.0,0.0,7,0.6700000000000004
1.0,0.3,0.0,0.0,1.0,0.0,8,0.7600000000000005
1.0,0.3,0.0,0.0,1.0,0.0,9,0.7600000000000005
1.0,0.4,0.0,0.0,1.0,0.0,0,0.6200000000000003
1.0,0.4,0.0,0.0,1.0,0.0,1,0.6400000000000003
1.0,0.4,0.0,0.0,1.0,0.0,2,0.6900000000000004
1.0,0.4,0.0,0.0,1.0,0.0,3,0.6000000000000003
1.0,0.4,0.0,0.0,1.0,0.0,4,0.7000000000000004
1.0,0.4,0.0,0.0,1.0,0.0,5,0.6400000000000003
1.0,0.4,0.0,0.0,1.0,0.0,6,0.5800000000000003
1.0,0.4,0.0,0.0,1.0,0.0,7,0.6900000000000004
1.0,0.4,0.0,0.0,1.0,0.0,8,0.6500000000000004
1.0,0.4,0.0,0.0,1.0,0.0,9,0.7500000000000004
1.0,0.5,0.0,0.0,1.0,0.0,0,0.6300000000000003
1.0,0.5,0.0,0.0,1.0,0.0,1,0.5800000000000003
1.0,0.5,0.0,0.0,1.0,0.0,2,0.6600000000000004
1.0,0.5,0.0,0.0,1.0,0.0,3,0.7300000000000004
1.0,0.5,0.0,0.0,1.0,0.0,4,0.6300000000000003
1.0,0.5,0.0,0.0,1.0,0.0,5,0.5400000000000003
1.0,0.5,0.0,0.0,1.0,0.0,6,0.6500000000000004
1.0,0.5,0.0,0.0,1.0,0.0,7,0.6800000000000004
1.0,0.5,0.0,0.0,1.0,0.0,8,0.6700000000000004
1.0,0.5,0.0,0.0,1.0,0.0,9,0.6900000000000004
1.0,0.6,0.0,0.0,1.0,0.0,0,0.6700000000000004
1.0,0.6,0.0,0.0,1.0,0.0,1,0.6200000000000003
1.0,0.6,0.0,0.0,1.0,0.0,2,0.6300000000000003
1.0,0.6,0.0,0.0,1.0,0.0,3,0.6400000000000003
1.0,0.6,0.0,0.0,1.0,0.0,4,0.6000000000000003
1.0,0.6,0.0,0.0,1.0,0.0,5,0.5700000000000003
1.0,0.6,0.0,0.0,1.0,0.0,6,0.5300000000000002
1.0,0.6,0.0,0.0,1.0,0.0,7,0.5800000000000003
1.0,0.6,0.0,0.0,1.0,0.0,8,0.5900000000000003
1.0,0.6,0.0,0.0,1.0,0.0,9,0.5900000000000003
1.0,0.7,0.0,0.0,1.0,0.0,0,0.5800000000000003
1.0,0.7,0.0,0.0,1.0,0.0,1,0.8000000000000005
1.0,0.7,0.0,0.0,1.0,0.0,2,0.5600000000000003
1.0,0.7,0.0,0.0,1.0,0.0,3,0.5800000000000003
1.0,0.7,0.0,0.0,1.0,0.0,4,0.6600000000000004
1.0,0.7,0.0,0.0,1.0,0.0,5,0.7100000000000004
1.0,0.7,0.0,0.0,1.0,0.0,6,0.6800000000000004
1.0,0.7,0.0,0.0,1.0,0.0,7,0.6800000000000004
1.0,0.7,0.0,0.0,1.0,0.0,8,0.6500000000000004
1.0,0.7,0.0,0.0,1.0,0.0,9,0.6900000000000004
1.0,0.8,0.0,0.0,1.0,0.0,0,0.6100000000000003
1.0,0.8,0.0,0.0,1.0,0.0,1,0.5200000000000002
1.0,0.8,0.0,0.0,1.0,0.0,2,0.6000000000000003
1.0,0.8,0.0,0.0,1.0,0.0,3,0.5600000000000003
1.0,0.8,0.0,0.0,1.0,0.0,4,0.6300000000000003
1.0,0.8,0.0,0.0,1.0,0.0,5,0.6500000000000004
1.0,0.8,0.0,0.0,1.0,0.0,6,0.6700000000000004
1.0,0.8,0.0,0.0,1.0,0.0,7,0.5800000000000003
1.0,0.8,0.0,0.0,1.0,0.0,8,0.6200000000000003
1.0,0.8,0.0,0.0,1.0,0.0,9,0.6200000000000003
1.0,0.9,0.0,0.0,1.0,0.0,0,0.5700000000000003
1.0,0.9,0.0,0.0,1.0,0.0,1,0.5700000000000003
1.0,0.9,0.0,0.0,1.0,0.0,2,0.7000000000000004
1.0,0.9,0.0,0.0,1.0,0.0,3,0.5400000000000003
1.0,0.9,0.0,0.0,1.0,0.0,4,0.6200000000000003
1.0,0.9,0.0,0.0,1.0,0.0,5,0.5000000000000002
1.0,0.9,0.0,0.0,1.0,0.0,6,0.5000000000000002
1.0,0.9,0.0,0.0,1.0,0.0,7,0.4700000000000002
1.0,0.9,0.0,0.0,1.0,0.0,8,0.6600000000000004
1.0,0.9,0.0,0.0,1.0,0.0,9,0.6300000000000003
1.0,1.0,0.0,0.0,1.0,0.0,0,0.5100000000000002
1.0,1.0,0.0,0.0,1.0,0.0,1,0.5700000000000003
1.0,1.0,0.0,0.0,1.0,0.0,2,0.6200000000000003
1.0,1.0,0.0,0.0,1.0,0.0,3,0.4500000000000002
1.0,1.0,0.0,0.0,1.0,0.0,4,0.5300000000000002
1.0,1.0,0.0,0.0,1.0,0.0,5,0.5200000000000002
1.0,1.0,0.0,0.0,1.0,0.0,6,0.4700000000000002
1.0,1.0,0.0,0.0,1.0,0.0,7,0.6300000000000003
1.0,1.0,0.0,0.0,1.0,0.0,8,0.4900000000000002
1.0,1.0,0.0,0.0,1.0,0.0,9,0.5500000000000003
